{
  "name": "Oversoul Orchestrator",
  "nodes": [
    {
      "parameters": {
        "rule": {
          "interval": [
            {
              "field": "hours",
              "hoursInterval": 1
            }
          ]
        }
      },
      "id": "1a2b3c4d-5e6f-7g8h-9i0j-k1l2m3n4o5p6",
      "name": "Hourly Harmony Check",
      "type": "n8n-nodes-base.cron",
      "typeVersion": 1,
      "position": [
        240,
        300
      ]
    },
    {
      "parameters": {
        "url": "http://localhost:5000/api/dba/metrics",
        "options": {}
      },
      "id": "2b3c4d5e-6f7g-8h9i-0j1k-l2m3n4o5p6q7",
      "name": "Fetch DBA Metrics",
      "type": "n8n-nodes-base.httpRequest",
      "typeVersion": 4.2,
      "position": [
        460,
        300
      ]
    },
    {
      "parameters": {
        "jsCode": "// Oversoul Orchestrator Logic\n// Evaluates DBA performance and allocates resources\n\nconst items = $input.all();\nconst dbaMetrics = items[0].json;\n\n// Define performance thresholds for each DBA\nconst thresholds = {\n  'Anchor1 Ventures': { efficiency: 0.6, growth: 0.5 },\n  'Breath of Divine Light': { engagement: 0.7, fundraising: 0.6 },\n  'Resonance Energy Co.': { uptime: 0.8, output: 0.7 },\n  'Flourish Farms': { sustainability: 0.75, production: 0.65 },\n  'Sophia Tech Labs': { innovation: 0.8, delivery: 0.7 },\n  'Luminance Media': { reach: 0.6, engagement: 0.65 },\n  'Nexus Data & AI Ops': { accuracy: 0.9, efficiency: 0.8 },\n  'Customer Success': { satisfaction: 0.85, retention: 0.8 }\n};\n\n// Capacitor for resource allocation\nlet capacitor = {\n  capacity: 1000.0,\n  charge: $node['Get Capacitor State'].json.charge || 500.0\n};\n\n// Evaluate each DBA\nlet evaluationResults = [];\nlet totalDeficit = 0;\nlet totalSurplus = 0;\n\nfor (const dbaName in dbaMetrics) {\n  const metrics = dbaMetrics[dbaName];\n  const threshold = thresholds[dbaName];\n  \n  if (!threshold) continue;\n  \n  let dbaDeficit = 0;\n  let dbaStatus = 'optimal';\n  \n  for (const metric in threshold) {\n    const actual = metrics[metric] || 0;\n    const required = threshold[metric];\n    \n    if (actual < required) {\n      dbaDeficit += (required - actual);\n      dbaStatus = 'suboptimal';\n    } else {\n      totalSurplus += (actual - required);\n    }\n  }\n  \n  totalDeficit += dbaDeficit;\n  \n  evaluationResults.push({\n    dba: dbaName,\n    status: dbaStatus,\n    deficit: dbaDeficit,\n    metrics: metrics,\n    thresholds: threshold\n  });\n}\n\n// Resource allocation logic\nlet resourceAction = 'maintain';\nlet resourceAmount = 0;\n\nif (totalDeficit > 0) {\n  resourceAmount = totalDeficit * 100; // Scale factor\n  const available = Math.min(capacitor.charge, resourceAmount);\n  capacitor.charge -= available;\n  resourceAction = 'release';\n} else if (totalSurplus > 0) {\n  resourceAmount = totalSurplus * 50; // Scale factor\n  const spaceAvailable = capacitor.capacity - capacitor.charge;\n  const toStore = Math.min(resourceAmount, spaceAvailable);\n  capacitor.charge += toStore;\n  resourceAction = 'store';\n}\n\n// Generate harmony assessment\nconst harmonyScore = evaluationResults.filter(r => r.status === 'optimal').length / evaluationResults.length;\nconst systemStatus = harmonyScore >= 0.7 ? 'harmonious' : harmonyScore >= 0.4 ? 'balanced' : 'dissonant';\n\n// Spiritual alignment check\nconst spiritualAlignment = {\n  divineGuidance: 'aligned', // This would integrate with Holy Spirit Flow Agent\n  missionIntegrity: harmonyScore >= 0.6 ? 'strong' : 'needs_attention',\n  communityResonance: 'positive' // This would integrate with community feedback\n};\n\n// Generate output\nconst output = {\n  timestamp: new Date().toISOString(),\n  cycle: $node['Hourly Harmony Check'].json.cycle || 1,\n  systemStatus: systemStatus,\n  harmonyScore: harmonyScore,\n  spiritualAlignment: spiritualAlignment,\n  capacitor: capacitor,\n  resourceAction: resourceAction,\n  resourceAmount: resourceAmount,\n  dbaEvaluations: evaluationResults,\n  totalDeficit: totalDeficit,\n  totalSurplus: totalSurplus,\n  recommendations: generateRecommendations(evaluationResults, systemStatus)\n};\n\nfunction generateRecommendations(evaluations, status) {\n  const recommendations = [];\n  \n  if (status === 'dissonant') {\n    recommendations.push('Immediate intervention required - multiple DBAs underperforming');\n    recommendations.push('Activate emergency resource allocation protocols');\n    recommendations.push('Schedule emergency Oversoul Council session');\n  }\n  \n  evaluations.forEach(eval => {\n    if (eval.status === 'suboptimal') {\n      recommendations.push(`${eval.dba}: Focus on improving ${Object.keys(eval.thresholds).join(', ')}`);\n    }\n  });\n  \n  if (capacitor.charge < 0.1 * capacitor.capacity) {\n    recommendations.push('Warning: Capacitor running low - risk of resource shortages');\n  }\n  \n  return recommendations;\n}\n\nreturn [output];"
      },
      "id": "3c4d5e6f-7g8h-9i0j-1k2l-m3n4o5p6q7r8",
      "name": "Evaluate Harmony & Allocate Resources",
      "type": "n8n-nodes-base.code",
      "typeVersion": 2,
      "position": [
        680,
        300
      ]
    },
    {
      "parameters": {
        "url": "http://localhost:5000/api/capacitor/state",
        "options": {}
      },
      "id": "4d5e6f7g-8h9i-0j1k-2l3m-n4o5p6q7r8s9",
      "name": "Get Capacitor State",
      "type": "n8n-nodes-base.httpRequest",
      "typeVersion": 4.2,
      "position": [
        460,
        200
      ]
    },
    {
      "parameters": {
        "conditions": {
          "options": {
            "caseSensitive": true,
            "leftValue": "",
            "typeValidation": "strict"
          },
          "conditions": [
            {
              "id": "5e6f7g8h-9i0j-1k2l-3m4n-o5p6q7r8s9t0",
              "leftValue": "={{ $json.systemStatus }}",
              "rightValue": "dissonant",
              "operator": {
                "type": "string",
                "operation": "equals"
              }
            }
          ],
          "combinator": "and"
        },
        "options": {}
      },
      "id": "6f7g8h9i-0j1k-2l3m-4n5o-p6q7r8s9t0u1",
      "name": "Check for Dissonance",
      "type": "n8n-nodes-base.if",
      "typeVersion": 2,
      "position": [
        900,
        300
      ]
    },
    {
      "parameters": {
        "url": "http://localhost:5000/api/alerts/emergency",
        "sendBody": true,
        "specifyBody": "json",
        "jsonBody": "={{ $json }}",
        "options": {}
      },
      "id": "7g8h9i0j-1k2l-3m4n-5o6p-q7r8s9t0u1v2",
      "name": "Send Emergency Alert",
      "type": "n8n-nodes-base.httpRequest",
      "typeVersion": 4.2,
      "position": [
        1120,
        200
      ]
    },
    {
      "parameters": {
        "url": "http://localhost:5000/api/dashboard/update",
        "sendBody": true,
        "specifyBody": "json",
        "jsonBody": "={{ $json }}",
        "options": {}
      },
      "id": "8h9i0j1k-2l3m-4n5o-6p7q-r8s9t0u1v2w3",
      "name": "Update Dashboard",
      "type": "n8n-nodes-base.httpRequest",
      "typeVersion": 4.2,
      "position": [
        1120,
        400
      ]
    },
    {
      "parameters": {
        "url": "http://localhost:5000/api/capacitor/update",
        "sendBody": true,
        "specifyBody": "json",
        "jsonBody": "={{ { \"charge\": $json.capacitor.charge, \"action\": $json.resourceAction, \"amount\": $json.resourceAmount } }}",
        "options": {}
      },
      "id": "9i0j1k2l-3m4n-5o6p-7q8r-s9t0u1v2w3x4",
      "name": "Update Capacitor State",
      "type": "n8n-nodes-base.httpRequest",
      "typeVersion": 4.2,
      "position": [
        900,
        500
      ]
    },
    {
      "parameters": {
        "url": "http://localhost:5000/api/agents/coordinate",
        "sendBody": true,
        "specifyBody": "json",
        "jsonBody": "={{ { \"evaluations\": $json.dbaEvaluations, \"recommendations\": $json.recommendations, \"harmonyScore\": $json.harmonyScore } }}",
        "options": {}
      },
      "id": "0j1k2l3m-4n5o-6p7q-8r9s-t0u1v2w3x4y5",
      "name": "Coordinate Agent Actions",
      "type": "n8n-nodes-base.httpRequest",
      "typeVersion": 4.2,
      "position": [
        1120,
        600
      ]
    }
  ],
  "connections": {
    "Hourly Harmony Check": {
      "main": [
        [
          {
            "node": "Fetch DBA Metrics",
            "type": "main",
            "index": 0
          },
          {
            "node": "Get Capacitor State",
            "type": "main",
            "index": 0
          }
        ]
      ]
    },
    "Fetch DBA Metrics": {
      "main": [
        [
          {
            "node": "Evaluate Harmony & Allocate Resources",
            "type": "main",
            "index": 0
          }
        ]
      ]
    },
    "Evaluate Harmony & Allocate Resources": {
      "main": [
        [
          {
            "node": "Check for Dissonance",
            "type": "main",
            "index": 0
          },
          {
            "node": "Update Dashboard",
            "type": "main",
            "index": 0
          },
          {
            "node": "Update Capacitor State",
            "type": "main",
            "index": 0
          },
          {
            "node": "Coordinate Agent Actions",
            "type": "main",
            "index": 0
          }
        ]
      ]
    },
    "Check for Dissonance": {
      "main": [
        [
          {
            "node": "Send Emergency Alert",
            "type": "main",
            "index": 0
          }
        ]
      ]
    }
  },
  "pinData": {},
  "settings": {
    "executionOrder": "v1"
  },
  "staticData": null,
  "tags": [
    {
      "createdAt": "2025-01-30T12:00:00.000Z",
      "updatedAt": "2025-01-30T12:00:00.000Z",
      "id": "oversoul",
      "name": "Oversoul"
    }
  ],
  "triggerCount": 1,
  "updatedAt": "2025-01-30T12:00:00.000Z",
  "versionId": "1"
}

